dqefdqoi,23
liming,32
lihua,96
huyi,82
shuxu,54
yingyu,153
fqecwrvo,89
wvrwpjrijih,89
nvwb,89
verrbe,89
vefijoh,158
wefojwpei,155
svvpier,25
wporjv,210
vwrvko,267
wprejpw,245
C2Es7KVc,100
C2Es7KVc,282
V3taBu5s,139
pZUfXZMY,74
pECsYFbT,11
tIKCC2Qy,50
DLEM7ucb,20
w4bjwVfi,23
Uft3eXYM,57
FE0UaQsu,66
1YDpfzuR,299
8DWpqlWd,148
k5JuVO19,267
sAjiY5DD,196
LzheiVi3,172
X25oN34W,192
iDbeMp6I,162
mbLTOyXP,31
x0vUK7uI,148
Y2dHZNEA,165
Z12aAyFk,197
BY5a0kLV,125
TFxLMyVh,276
79URf2iM,3
rit5N6li,235
wz8kihm5,164
nFKH2CiQ,224
NJkhxi3b,230
2kBizZuf,274
tai8ZZBU,94
I7z4xCtI,174
KE57gZMs,242
ViG7zA2S,86
WY5BwjPe,13
PYS9fNnY,75
2SEXyh82,32
anfNchbq,100
uI2wkJYF,107
GbMkAbBp,18
SGfVxtm4,137
rfKrUvMy,42
2OkTMbYM,193
0QEVpWKj,166
BU03jNbN,78
5S48eIYH,167
uN7Vk1JU,20
90kuP5u9,186
XPtzGHDp,190
AzwFfSZM,27
oas8cWQ3,120
XxjR7CC0,37
ZRYjb6Jh,178
RumI9a87,77
dTc2BHwr,27
yOQ8Av43,138
IkA5pfFW,224
YkCmR9yw,134
pIzN6nBI,159
RAYf5dvS,145
lnaAanc9,65
WC1W88O7,242
wiRhTKYq,76
J6a5v7w3,79
94gA9Auk,63
eKXesXng,69
v9NErxiR,218
4S9Uvuab,162
tLvT6v6P,143
ZohHC8ju,105
4cv281Vb,223
NBJIrEmd,102
5qvv07HX,33
6eKU4XhC,189
FjwjSlus,95
g76p3K0L,138
o4S92Mwv,123
AH8HUPD7,203
iEBbUkXM,250
PjvQMsbe,56
KQ5ZE9GR,152
aX5xJz6e,93
iNr8C5Dr,21
NnZhfwgY,128
4RAVrv2B,119
2HcCZf7g,130
EAVph7Gm,78
